{
  "version": 1,
  "author": "Gopal Gopal",
  "editor": "wokwi",
  "parts": [
    { "type": "wokwi-breadboard-mini", "id": "bb1", "top": 65.8, "left": 141.6, "attrs": {} },
    { "type": "wokwi-esp32-devkit-v1", "id": "esp", "top": -38.74, "left": -31.81, "attrs": {} },
    { "type": "wokwi-hc-sr04", "id": "ultrasonic1", "top": -68.23, "left": -255.97, "attrs": {} },
    {
      "type": "wokwi-led",
      "id": "led1",
      "top": -58.07,
      "left": 86.13,
      "attrs": { "color": "white" }
    },
    { "type": "wokwi-relay-module", "id": "relay1", "top": 38.6, "left": 345.6, "attrs": {} },
    {
      "type": "wokwi-stepper-motor",
      "id": "stepper1",
      "top": -121.19,
      "left": 413.23,
      "attrs": { "size": "17" }
    },
    { "type": "wokwi-dht22", "id": "dht1", "top": -38.1, "left": 167.4, "attrs": {} }
  ],
  "connections": [
    [ "esp:TX0", "$serialMonitor:RX", "", [] ],
    [ "esp:RX0", "$serialMonitor:TX", "", [] ],
    [ "ultrasonic1:GND", "esp:GND.2", "black", [ "v86.72", "h4.27" ] ],
    [ "ultrasonic1:ECHO", "esp:D25", "violet", [ "v0" ] ],
    [ "ultrasonic1:TRIG", "esp:D26", "purple", [ "v0" ] ],
    [ "ultrasonic1:VCC", "esp:VIN", "red", [ "v0" ] ],
    [ "relay1:VCC", "bb1:17b.f", "red", [ "h-8.48", "v43.89" ] ],
    [ "stepper1:A+", "bb1:17b.g", "red", [ "v0" ] ],
    [ "dht1:VCC", "bb1:17b.h", "red", [ "v0" ] ],
    [ "bb1:17b.i", "esp:3V3", "red", [ "v41.23", "h-210.7", "v-90.94" ] ],
    [ "relay1:GND", "bb1:13b.f", "black", [ "h0" ] ],
    [ "dht1:GND", "bb1:13b.g", "black", [ "v0" ] ],
    [ "stepper1:B+", "relay1:COM", "green", [ "v0" ] ],
    [ "led1:C", "esp:GND.1", "black", [ "v0" ] ],
    [ "relay1:NO", "bb1:13b.i", "black", [ "h-1.28", "v29.98" ] ],
    [ "led1:A", "esp:D19", "red", [ "v0" ] ],
    [ "relay1:IN", "esp:D18", "magenta", [ "h-23.84", "v51.19", "h-209.93", "v-85.72" ] ],
    [ "dht1:VCC", "bb1:4t.a", "", [ "$bb" ] ],
    [ "dht1:SDA", "bb1:5t.a", "", [ "$bb" ] ],
    [ "dht1:NC", "bb1:6t.a", "", [ "$bb" ] ],
    [ "esp:D22", "bb1:5t.b", "yellow", [ "h17.56", "v86.5", "h6.7" ] ],
    [ "esp:GND.1", "bb1:13b.j", "black", [ "h31.66", "v35.17" ] ]
  ],
  "dependencies": {}
}